### La Cláusula `SELECT`

Aunque la cláusula `SELECT` es la primera cláusula de una sentencia `SELECT`, es una de las últimas que el servidor de bases de datos evalúa. Antes de poder determinar qué incluir en el conjunto de resultados final, necesitas saber todas las posibles columnas que podrían incluirse en dicho conjunto. Para comprender completamente el papel de la cláusula `SELECT`, es necesario entender un poco sobre la cláusula `FROM`.

### Ejemplo de Consulta

```sql
mysql> SELECT *
    -> FROM language;
```

**Resultado**:
```
+-------------+----------+---------------------+
| language_id | name     | last_update         |
+-------------+----------+---------------------+
|           1 | English  | 2006-02-15 05:02:19 |
|           2 | Italian  | 2006-02-15 05:02:19 |
|           3 | Japanese | 2006-02-15 05:02:19 |
|           4 | Mandarin | 2006-02-15 05:02:19 |
|           5 | French   | 2006-02-15 05:02:19 |
|           6 | German   | 2006-02-15 05:02:19 |
+-------------+----------+---------------------+
6 rows in set (0.03 sec)
```

En esta consulta, la cláusula `FROM` enumera una única tabla (`language`), y la cláusula `SELECT` indica que todas las columnas (designadas por `*`) en la tabla `language` deben incluirse en el conjunto de resultados. Esta consulta podría describirse en inglés como: "Muéstrame todas las columnas y todas las filas en la tabla `language`."

### Nombrar Columnas Específicas

Además de especificar todas las columnas mediante el asterisco, puedes nombrar explícitamente las columnas que te interesan:

```sql
mysql> SELECT language_id, name, last_update
    -> FROM language;
```

**Resultado**:
```
+-------------+----------+---------------------+
| language_id | name     | last_update         |
+-------------+----------+---------------------+
|           1 | English  | 2006-02-15 05:02:19 |
|           2 | Italian  | 2006-02-15 05:02:19 |
|           3 | Japanese | 2006-02-15 05:02:19 |
|           4 | Mandarin | 2006-02-15 05:02:19 |
|           5 | French   | 2006-02-15 05:02:19 |
|           6 | German   | 2006-02-15 05:02:19 |
+-------------+----------+---------------------+
6 rows in set (0.00 sec)
```

### Incluir Solo un Subconjunto de Columnas

Puedes optar por incluir solo un subconjunto de las columnas en la tabla `language`:

```sql
mysql> SELECT name
    -> FROM language;
```

**Resultado**:
```
+----------+
| name     |
+----------+
| English  |
| Italian  |
| Japanese |
| Mandarin |
| French   |
| German   |
+----------+
6 rows in set (0.00 sec)
```

### Funciones y Expresiones en la Cláusula `SELECT`

La cláusula `SELECT` puede incluir literales, expresiones, llamadas a funciones integradas y llamadas a funciones definidas por el usuario:

```sql
mysql> SELECT language_id,
    ->   'COMMON' language_usage,
    ->   language_id * 3.1415927 lang_pi_value,
    ->   UPPER(name) language_name
    -> FROM language;
```

**Resultado**:
```
+-------------+----------------+---------------+---------------+
| language_id | language_usage | lang_pi_value | language_name |
+-------------+----------------+---------------+---------------+
|           1 | COMMON         |     3.1415927 | ENGLISH       |
|           2 | COMMON         |     6.2831854 | ITALIAN       |
|           3 | COMMON         |     9.4247781 | JAPANESE      |
|           4 | COMMON         |    12.5663708 | MANDARIN      |
|           5 | COMMON         |    15.7079635 | FRENCH        |
|           6 | COMMON         |    18.8495562 | GERMAN        |
+-------------+----------------+---------------+---------------+
6 rows in set (0.04 sec)
```

### Ejemplo de Funciones Integradas sin `FROM`

Si solo necesitas ejecutar una función integrada o evaluar una expresión simple, puedes omitir la cláusula `FROM` por completo:

```sql
mysql> SELECT version(),
    ->   user(),
    ->   database();
```

**Resultado**:
```
+-----------+----------------+------------+
| version() | user()         | database() |
+-----------+----------------+------------+
| 8.0.15    | root@localhost | sakila     |
+-----------+----------------+------------+
1 row in set (0.00 sec)
```

Esta consulta simplemente llama a tres funciones integradas y no recupera datos de ninguna tabla, por lo que no hay necesidad de una cláusula `FROM`.

Espero que esta explicación te ayude a comprender mejor la cláusula `SELECT`. Si tienes más preguntas o necesitas más detalles, no dudes en decírmelo. ¡Estoy aquí para ayudarte!