
### **Contexto**

En SQL, los caracteres especiales (como letras con diacríticos o símbolos) pueden incluirse en cadenas de texto utilizando funciones como `CHAR()` o `CHR()`, que convierten códigos ASCII o Unicode en caracteres. También puedes obtener el código ASCII de un carácter utilizando la función `ASCII()`.

---

### **1. Usar `CHAR()` para generar una cadena**

```sql
SELECT 'abcdefg', CHAR(97,98,99,100,101,102,103);
```

#### **¿Qué hace esta consulta?**
- **`'abcdefg'`**: Es una cadena de texto literal.
- **`CHAR(97,98,99,100,101,102,103)`**: La función `CHAR()` toma una lista de códigos ASCII y devuelve una cadena de caracteres correspondiente a esos códigos.
    - `97` = `a`
    - `98` = `b`
    - `99` = `c`
    - `100` = `d`
    - `101` = `e`
    - `102` = `f`
    - `103` = `g`

#### **Resultado**
```sql
+---------+--------------------------------+
| abcdefg | CHAR(97,98,99,100,101,102,103) |
+---------+--------------------------------+
| abcdefg | abcdefg                        |
+---------+--------------------------------+
1 row in set (0.01 sec)
```

- **Explicación**:
    - Ambas columnas devuelven la cadena `abcdefg`.
    - La función `CHAR()` convierte los códigos ASCII en caracteres y los concatena.

---

### **2. Usar `CHAR()` para incluir caracteres especiales**

```sql
SELECT CONCAT('danke sch', CHAR(148), 'n');
```

#### **¿Qué hace esta consulta?**
- **`CONCAT('danke sch', CHAR(148), 'n')`**: La función `CONCAT()` une varias cadenas en una sola.
    - `'danke sch'` es una cadena literal.
    - `CHAR(148)` devuelve el carácter correspondiente al código ASCII `148` (que es `ö`).
    - `'n'` es otra cadena literal.

#### **Resultado**
```sql
+-------------------------------------+
| CONCAT('danke sch', CHAR(148), 'n') |
+-------------------------------------+
| danke schön                         |
+-------------------------------------+
1 row in set (0.00 sec)
```

- **Explicación**:
    - La consulta devuelve la cadena `danke schön`.
    - El carácter `ö` se incluye utilizando `CHAR(148)`.

---

### **3. Usar `CHR()` en otros sistemas de bases de datos**

```sql
SELECT 'danke sch' || CHR(148) || 'n'
FROM dual;
```

#### **¿Qué hace esta consulta?**
- **`CHR(148)`**: En algunos sistemas de bases de datos (como Oracle), `CHR()` es equivalente a `CHAR()` en MySQL.
- **`||`**: Es el operador de concatenación en sistemas como Oracle.
- **`FROM dual`**: `dual` es una tabla especial en Oracle que se utiliza para consultas que no necesitan datos de una tabla real.

#### **Resultado**
- La consulta devolvería `danke schön` en sistemas como Oracle.

---

### **4. Usar `+` para concatenar en otros sistemas**

```sql
SELECT 'danke sch' + CHAR(148) + 'n';
```

#### **¿Qué hace esta consulta?**
- **`+`**: En algunos sistemas de bases de datos (como SQL Server), el operador `+` se utiliza para concatenar cadenas.
- **`CHAR(148)`**: Devuelve el carácter correspondiente al código ASCII `148`.

#### **Resultado**
- La consulta devolvería `danke schön` en sistemas como SQL Server.

---

### **5. Obtener el código ASCII de un carácter**

```sql
SELECT ASCII('ö');
```

#### **¿Qué hace esta consulta?**
- **`ASCII('ö')`**: La función `ASCII()` devuelve el código ASCII del primer carácter de la cadena.

#### **Resultado**
```sql
+------------+
| ASCII('ö') |
+------------+
|        148 |
+------------+
1 row in set (0.00 sec)
```

- **Explicación**:
    - El código ASCII del carácter `ö` es `148`.

---

### **Resumen**

1. **`CHAR()`**:
    - Convierte códigos ASCII en caracteres.
    - Útil para incluir caracteres especiales en cadenas.

2. **`CONCAT()`**:
    - Concatena varias cadenas en una sola.
    - Puede combinarse con `CHAR()` para incluir caracteres especiales.

3. **`CHR()`**:
    - Equivalente a `CHAR()` en sistemas como Oracle.

4. **`ASCII()`**:
    - Devuelve el código ASCII de un carácter.

5. **Concatenación en otros sistemas**:
    - En Oracle, se usa `||` para concatenar.
    - En SQL Server, se usa `+` para concatenar.

---

### **Notas Importantes**

1. **Códigos ASCII**:
    - Los códigos ASCII son valores numéricos que representan caracteres. Por ejemplo, `97` = `a`, `148` = `ö`.

2. **Compatibilidad**:
    - Las funciones como `CHAR()` y `ASCII()` son específicas de MySQL. Otros sistemas de bases de datos pueden usar funciones similares pero con nombres diferentes (por ejemplo, `CHR()` en Oracle).

3. **Caracteres especiales**:
    - Para incluir caracteres especiales en cadenas, es útil conocer sus códigos ASCII o Unicode.

---

